{"opt_alpha": 0.03304829057248756, "opt_L1_wt": 0.005195237458386687}